City_ID,City,Country,Latitudes,Longitudes,Max Temp,Humidity,Cloudiness,Wind Speed,Current Description,Rain (inches),Snow (inches)
0,Hilo,US,19.7297,-155.09,76.73,91,90,17.27,heavy intensity rain,5.06,0.0
1,Ostrovnoy,RU,68.0531,39.5131,9.59,73,83,23.38,broken clouds,0.0,0.0
2,Qaqortoq,GL,60.7167,-46.0333,25.3,68,100,23.62,overcast clouds,0.0,0.0
3,Rikitea,PF,-23.1203,-134.9692,76.5,74,99,8.61,overcast clouds,0.0,0.0
4,Hermanus,ZA,-34.4187,19.2345,60.91,94,100,10.36,light rain,0.52,0.0
5,Poum,NC,-20.2333,164.0167,81.05,74,15,10.74,few clouds,0.0,0.0
6,Thompson,CA,55.7435,-97.8558,-18.24,69,1,9.22,clear sky,0.0,0.0
7,Bluff,NZ,-46.6,168.3333,54.81,50,59,14.12,broken clouds,0.0,0.0
8,Atuona,PF,-9.8,-139.0333,78.46,76,5,18.14,clear sky,0.0,0.0
9,Lubango,AO,-14.9172,13.4925,61.38,76,32,1.95,scattered clouds,0.0,0.0
10,South Venice,US,27.0531,-82.4243,75.0,69,40,6.91,scattered clouds,0.0,0.0
11,Lakatoro,VU,-16.0999,167.4164,83.64,70,20,7.61,few clouds,0.0,0.0
12,Cockburn Town,TC,21.4612,-71.1419,80.62,77,67,21.63,broken clouds,0.0,0.0
13,Lebu,CL,-37.6167,-73.65,61.21,74,0,14.38,clear sky,0.0,0.0
14,Arraial Do Cabo,BR,-22.9661,-42.0278,75.16,88,20,16.11,few clouds,0.0,0.0
15,Quatre Cocos,MU,-20.2078,57.7625,78.1,71,28,11.77,scattered clouds,0.0,0.0
16,Kavieng,PG,-2.5744,150.7967,82.63,79,95,7.31,moderate rain,2.52,0.0
17,Nishihara,JP,26.1842,127.7558,69.08,64,40,14.97,scattered clouds,0.0,0.0
18,Port Blair,IN,11.6667,92.75,78.39,70,24,11.43,few clouds,0.0,0.0
19,Almeirim,BR,-1.5233,-52.5817,77.4,85,93,3.24,moderate rain,3.16,0.0
20,Pangnirtung,CA,66.1451,-65.7125,7.74,97,100,6.91,light snow,0.0,0.23
21,Ushuaia,AR,-54.8,-68.3,47.86,53,40,25.32,scattered clouds,0.0,0.0
22,Albany,US,42.6001,-73.9662,37.58,61,97,4.61,overcast clouds,0.0,0.0
23,Castro,BR,-24.7911,-50.0119,63.46,90,88,3.58,overcast clouds,0.0,0.0
24,Busselton,AU,-33.65,115.3333,62.04,67,58,17.4,broken clouds,0.0,0.0
25,Mahebourg,MU,-20.4081,57.7,78.26,72,24,11.21,few clouds,0.0,0.0
26,Vaini,TO,-21.2,-175.2,84.36,84,40,11.5,scattered clouds,0.0,0.0
27,Bethel,US,41.3712,-73.414,43.65,54,75,4.61,broken clouds,0.0,0.0
28,Locri,IT,38.2414,16.2623,58.15,84,29,5.91,scattered clouds,0.0,0.0
29,Nikolskoye,RU,59.7035,30.7861,-0.6,97,8,4.56,clear sky,0.0,0.0
30,Vestmannaeyjar,IS,63.4427,-20.2734,44.76,77,100,19.22,overcast clouds,0.0,0.0
31,Sao Lourenco Do Sul,BR,-31.3653,-51.9783,68.9,80,70,10.67,broken clouds,0.0,0.0
32,Karratha,AU,-20.7377,116.8463,87.13,31,30,15.86,scattered clouds,0.0,0.0
33,Umm Kaddadah,SD,13.6017,26.6876,69.98,16,36,13.18,scattered clouds,0.0,0.0
34,Nyrob,RU,60.733,56.7202,-15.3,100,86,1.54,overcast clouds,0.0,0.0
35,Bom Jesus,BR,-9.0744,-44.3586,74.12,85,26,2.15,scattered clouds,0.0,0.0
36,Bogovarovo,RU,58.9785,47.0246,-6.52,100,15,2.68,few clouds,0.0,0.0
37,Kodiak,US,57.79,-152.4072,31.51,80,90,0.0,overcast clouds,0.0,0.0
38,Longyearbyen,SJ,78.2186,15.6401,15.64,73,75,11.5,broken clouds,0.0,0.0
39,North Bend,US,43.4065,-124.2243,53.51,86,1,3.44,clear sky,0.0,0.0
40,Yellowknife,CA,62.456,-114.3525,-20.58,85,20,2.3,few clouds,0.0,0.0
41,Tiksi,RU,71.6872,128.8694,-16.01,95,100,6.11,overcast clouds,0.0,0.0
42,Mataura,NZ,-46.1927,168.8643,54.48,47,92,5.06,overcast clouds,0.0,0.0
43,Dikson,RU,73.5069,80.5464,-2.0,94,100,9.86,overcast clouds,0.0,0.0
44,Punta Arenas,CL,-53.15,-70.9167,53.71,43,20,18.41,few clouds,0.0,0.0
45,Olafsvik,IS,64.8945,-23.7142,41.23,90,100,7.11,overcast clouds,0.0,0.0
46,Tura,IN,25.5198,90.2201,66.34,81,100,2.53,overcast clouds,0.0,0.0
47,Nemuro,JP,43.3236,145.575,38.12,73,3,15.3,clear sky,0.0,0.0
48,Katsuura,JP,35.1333,140.3,50.18,74,100,8.63,overcast clouds,0.0,0.0
49,Husavik,IS,66.0449,-17.3389,40.91,73,100,27.47,moderate rain,3.16,0.0
50,Dubrovka,RU,53.6907,33.5071,24.78,94,99,5.46,overcast clouds,0.0,0.0
51,Lavrentiya,RU,65.5833,-171.0,29.25,96,100,19.08,snow,0.0,0.62
52,Garoua Boulai,CM,5.8833,14.55,70.93,42,97,3.69,overcast clouds,0.0,0.0
53,Marsh Harbour,BS,26.5412,-77.0636,76.66,77,4,15.03,clear sky,0.0,0.0
54,Abu Kamal,SY,34.4506,40.9171,52.79,43,9,6.82,clear sky,0.0,0.0
55,Beloha,MG,-25.1667,45.05,72.3,94,2,4.32,clear sky,0.0,0.0
56,Ekhabi,RU,53.5102,142.9671,6.78,96,86,5.17,overcast clouds,0.0,0.0
57,Pevek,RU,69.7008,170.3133,-9.47,96,100,17.13,light snow,0.0,0.12
58,Eirunepe,BR,-6.6603,-69.8736,72.12,100,100,0.83,overcast clouds,0.0,0.0
59,Kapaa,US,22.0752,-159.319,79.12,68,40,3.0,scattered clouds,0.0,0.0
60,Yar-Sale,RU,66.8333,70.8333,-15.39,91,32,14.45,scattered clouds,0.0,0.0
61,Malyn,UA,50.7723,29.2383,28.31,98,100,7.96,light snow,0.0,0.3
62,Hami,CN,42.8,93.45,29.12,52,99,5.37,overcast clouds,0.0,0.0
63,Takhtamygda,RU,54.1,123.5667,4.48,95,97,1.63,overcast clouds,0.0,0.0
64,Kyra,RU,49.5776,111.9753,8.31,91,17,3.29,few clouds,0.0,0.0
65,Antofagasta,CL,-23.65,-70.4,63.68,72,49,4.63,scattered clouds,0.0,0.0
66,Kaeo,NZ,-35.1,173.7833,77.32,77,41,8.61,scattered clouds,0.0,0.0
67,Puri,IN,19.8,85.85,72.37,89,100,9.91,overcast clouds,0.0,0.0
68,Mbandaka,CD,0.0487,18.2603,72.41,93,100,0.69,overcast clouds,0.0,0.0
69,Saskylakh,RU,71.9167,114.0833,-30.32,98,100,4.5,overcast clouds,0.0,0.0
70,Kondoa,TZ,-4.9,35.7833,61.72,87,75,4.68,broken clouds,0.0,0.0
71,Ulladulla,AU,-35.35,150.4667,67.08,59,100,4.25,overcast clouds,0.0,0.0
72,Avarua,CK,-21.2078,-159.775,82.45,78,20,8.05,moderate rain,1.05,0.0
73,Deputatskiy,RU,69.3,139.9,-24.68,97,100,2.91,overcast clouds,0.0,0.0
74,Srednekolymsk,RU,67.45,153.6833,-48.75,100,73,4.61,broken clouds,0.0,0.0
75,Gamba,GA,-2.65,10.0,78.66,88,100,4.74,light rain,0.52,0.0
76,Jamestown,US,42.097,-79.2353,44.33,37,90,13.0,overcast clouds,0.0,0.0
77,Toba,JP,34.4833,136.85,50.0,94,100,12.8,overcast clouds,0.0,0.0
78,Aguas Formosas,BR,-17.0822,-40.9358,70.14,94,32,3.29,scattered clouds,0.0,0.0
79,Casper,US,42.8666,-106.3131,19.72,81,90,7.0,light snow,0.0,0.42
80,Isangel,VU,-19.55,169.2667,84.31,74,75,5.75,broken clouds,0.0,0.0
81,Norman Wells,CA,65.282,-126.8329,-11.74,81,72,4.74,broken clouds,0.0,0.0
82,Cape Town,ZA,-33.9258,18.4232,61.27,90,75,1.99,moderate rain,1.52,0.0
83,Qaanaaq,GL,77.484,-69.3632,20.52,81,100,6.4,overcast clouds,0.0,0.0
84,Rio Esteban,HN,15.8333,-86.3,80.6,85,41,1.86,scattered clouds,0.0,0.0
85,Fonte Boa,BR,-2.4959,-66.2662,75.43,97,93,0.34,overcast clouds,0.0,0.0
86,Oskarshamn,SE,57.2645,16.4484,30.79,74,99,8.63,overcast clouds,0.0,0.0
87,Beringovskiy,RU,63.05,179.3167,6.84,81,100,35.99,overcast clouds,0.0,0.0
88,Cherskiy,RU,68.75,161.3,-46.23,100,86,4.12,overcast clouds,0.0,0.0
89,Upernavik,GL,72.7868,-56.1549,25.09,74,100,3.29,overcast clouds,0.0,0.0
90,Zhigansk,RU,66.7697,123.3711,-28.28,95,100,6.62,overcast clouds,0.0,0.0
91,Am Timan,TD,11.0297,20.2827,78.24,25,83,7.16,broken clouds,0.0,0.0
92,Erenhot,CN,43.6475,111.9767,21.09,81,3,2.21,clear sky,0.0,0.0
93,Porto Murtinho,BR,-21.6989,-57.8825,85.06,47,92,3.71,overcast clouds,0.0,0.0
94,Chipinge,ZW,-20.1883,32.6236,65.01,86,27,6.64,scattered clouds,0.0,0.0
95,Tuatapere,NZ,-46.1333,167.6833,54.82,51,84,6.85,broken clouds,0.0,0.0
96,East London,ZA,-33.0153,27.9116,68.79,94,100,4.61,overcast clouds,0.0,0.0
97,Palmas De Monte Alto,BR,-14.2672,-43.1619,72.88,79,53,3.62,broken clouds,0.0,0.0
98,San Antonio,US,29.4241,-98.4936,78.82,75,1,8.05,clear sky,0.0,0.0
99,Nanortalik,GL,60.1432,-45.2371,27.07,68,96,34.9,light snow,0.0,0.18
100,Oga,IT,46.4631,10.347,23.23,98,91,4.79,overcast clouds,0.0,0.0
101,Synya,RU,65.3718,58.0387,-1.39,97,99,3.42,overcast clouds,0.0,0.0
102,Tilichiki,RU,60.4667,166.1,-0.13,96,88,3.65,overcast clouds,0.0,0.0
103,Mopipi,BW,-21.1833,24.8833,76.64,54,100,9.98,overcast clouds,0.0,0.0
104,Korla,CN,41.7597,86.1469,30.16,53,100,2.15,overcast clouds,0.0,0.0
105,Hambantota,LK,6.1241,81.1185,77.05,89,9,7.05,clear sky,0.0,0.0
106,Butaritari,KI,3.0707,172.7902,80.82,83,100,11.97,moderate rain,1.16,0.0
107,Saldanha,ZA,-33.0117,17.9442,60.85,93,14,16.93,few clouds,0.0,0.0
108,Nome,US,64.5011,-165.4064,32.07,87,90,25.32,mist,0.0,0.0
109,Santiago De Chuco,PE,-8.15,-78.1833,53.49,86,100,3.87,light rain,0.89,0.0
110,Mar Del Plata,AR,-38.0023,-57.5575,63.88,78,0,15.99,clear sky,0.0,0.0
111,Manthani,IN,18.65,79.6667,64.9,84,4,5.48,clear sky,0.0,0.0
112,Kaitangata,NZ,-46.2817,169.8464,53.92,55,92,8.08,overcast clouds,0.0,0.0
113,Carnarvon,AU,-24.8667,113.6333,77.07,69,0,17.27,clear sky,0.0,0.0
114,Zhezkazgan,KZ,47.8043,67.7144,31.6,93,100,6.96,overcast clouds,0.0,0.0
115,Chuy,UY,-33.6971,-53.4616,65.3,82,98,7.87,overcast clouds,0.0,0.0
116,Saint-Philippe,RE,-21.3585,55.7679,76.55,79,37,10.47,scattered clouds,0.0,0.0
117,Aranos,NA,-24.1333,19.1167,69.82,20,0,4.61,clear sky,0.0,0.0
118,Hobyo,SO,5.3505,48.5268,78.42,77,16,15.64,few clouds,0.0,0.0
119,Ballina,AU,-28.8667,153.5667,68.18,97,72,7.92,light rain,0.12,0.0
120,Morden,CA,49.1919,-98.1014,14.38,85,100,16.11,overcast clouds,0.0,0.0
121,Torbay,CA,47.6666,-52.7314,32.76,77,25,11.99,scattered clouds,0.0,0.0
122,Kathmandu,NP,27.7167,85.3167,53.82,94,20,2.3,few clouds,0.0,0.0
123,Esperance,AU,-33.8667,121.9,62.96,65,88,11.92,overcast clouds,0.0,0.0
124,Cascais,PT,38.6979,-9.4215,56.52,71,8,1.01,clear sky,0.0,0.0
125,Acapulco,MX,16.8634,-99.8901,84.02,74,1,5.75,clear sky,0.0,0.0
126,Danjiangkou,CN,32.5428,111.5086,46.29,63,0,4.76,clear sky,0.0,0.0
127,Malhador,BR,-10.6578,-37.3047,75.85,88,76,9.53,broken clouds,0.0,0.0
128,Rajapur,IN,25.3833,81.15,64.13,68,1,4.88,clear sky,0.0,0.0
129,Beyla,GN,8.6833,-8.6333,72.25,29,53,2.53,broken clouds,0.0,0.0
130,Constitucion,CL,-35.3333,-72.4167,63.73,68,5,4.94,clear sky,0.0,0.0
131,Meulaboh,ID,4.1363,96.1285,75.85,87,93,3.69,overcast clouds,0.0,0.0
132,Ponta Do Sol,PT,32.6667,-17.1,65.03,70,27,9.31,scattered clouds,0.0,0.0
133,Tuktoyaktuk,CA,69.4541,-133.0374,-18.4,76,1,8.05,clear sky,0.0,0.0
134,Kodinsk,RU,58.6881,99.1844,22.68,97,100,2.08,light snow,0.0,0.3
135,Bengkulu,ID,-3.8004,102.2655,74.98,88,94,6.49,overcast clouds,0.0,0.0
136,Guerrero Negro,MX,27.9769,-114.0611,67.44,69,0,16.22,clear sky,0.0,0.0
137,Victoria,HK,22.2855,114.1577,64.33,57,34,1.01,scattered clouds,0.0,0.0
138,Chalchihuites,MX,23.4833,-103.8833,64.31,26,100,16.04,overcast clouds,0.0,0.0
139,Port Hedland,AU,-20.3167,118.5667,91.45,27,98,13.8,overcast clouds,0.0,0.0
140,Barrow,US,71.2906,-156.7887,12.22,79,90,21.85,haze,0.0,0.0
141,Provideniya,RU,64.3833,-173.3,28.51,93,90,20.13,snow,0.0,1.41
142,Mehamn,NO,71.0357,27.8492,28.35,74,90,25.32,light shower snow,0.0,0.14
143,Warrington,GB,53.3925,-2.5802,39.36,93,75,2.3,broken clouds,0.0,0.0
144,Half Moon Bay,US,37.4636,-122.4286,68.5,75,1,1.99,clear sky,0.0,0.0
145,Salalah,OM,17.0151,54.0924,71.31,41,0,7.54,clear sky,0.0,0.0
146,Luderitz,NA,-26.6481,15.1594,60.75,88,0,10.04,clear sky,0.0,0.0
147,Georgetown,MY,5.4112,100.3354,77.9,77,20,9.22,few clouds,0.0,0.0
148,Mujiayingzi,CN,42.1167,118.7833,27.57,49,54,4.54,broken clouds,0.0,0.0
149,Khatanga,RU,71.9667,102.5,-22.14,100,97,6.8,overcast clouds,0.0,0.0
150,Savannah Bight,HN,16.45,-85.85,79.0,72,1,4.27,clear sky,0.0,0.0
151,Arman,RU,59.7,150.1667,-14.35,92,26,6.29,scattered clouds,0.0,0.0
152,Dronfield,GB,53.3022,-1.4751,39.16,93,85,4.12,overcast clouds,0.0,0.0
153,Dunedin,NZ,-45.8742,170.5036,54.81,66,97,3.0,overcast clouds,0.0,0.0
154,Airai,TL,-8.9266,125.4092,65.5,85,99,1.07,overcast clouds,0.0,0.0
155,Klaksvik,FO,62.2266,-6.589,38.32,64,50,19.48,scattered clouds,0.0,0.0
156,Panzhihua,CN,26.5851,101.7128,48.67,94,24,1.05,few clouds,0.0,0.0
157,Udachnyy,RU,66.4167,112.4,-28.19,99,100,6.87,overcast clouds,0.0,0.0
158,Wajima,JP,37.4,136.9,45.28,93,75,4.61,broken clouds,0.0,0.0
159,Syracuse,IT,37.0881,15.2792,52.32,72,46,11.39,scattered clouds,0.0,0.0
160,Tasiilaq,GL,65.6145,-37.6368,29.86,92,99,24.56,light snow,0.0,0.47
161,Wilmington,US,34.2257,-77.9447,62.51,88,40,0.0,scattered clouds,0.0,0.0
162,Westport,US,41.1415,-73.3579,45.99,63,1,8.01,clear sky,0.0,0.0
163,Sakakah,SA,29.9697,40.2064,58.57,39,88,8.99,overcast clouds,0.0,0.0
164,Chardara,KZ,41.2547,67.9692,42.78,68,4,5.21,clear sky,0.0,0.0
165,Mundo Nuevo,MX,18.7,-95.5,78.35,80,3,9.89,clear sky,0.0,0.0
166,Luanda,AO,-8.8368,13.2343,77.59,85,88,9.13,light rain,0.4,0.0
167,Hobart,AU,-42.8794,147.3294,65.01,55,75,1.01,broken clouds,0.0,0.0
168,Ramos Arizpe,MX,25.55,-100.9667,79.09,36,75,9.22,broken clouds,0.0,0.0
169,New Norfolk,AU,-42.7826,147.0587,64.65,50,45,1.99,scattered clouds,0.0,0.0
170,Owando,CG,-0.4819,15.8999,72.64,94,100,1.7,overcast clouds,0.0,0.0
171,Mackay,AU,-21.15,149.2,86.68,64,88,12.88,overcast clouds,0.0,0.0
172,Nehe,CN,48.4833,124.8333,15.03,84,5,8.97,clear sky,0.0,0.0
173,Buk,PL,52.3553,16.5196,32.76,98,100,6.6,overcast clouds,0.0,0.0
174,Fortuna,US,40.5982,-124.1573,54.32,91,90,1.01,overcast clouds,0.0,0.0
175,Anadyr,RU,64.75,177.4833,1.9,84,90,35.01,heavy snow,0.0,0.24
176,Jacqueville,CI,5.2052,-4.4146,84.11,81,3,10.36,clear sky,0.0,0.0
177,Puerto Ayora,EC,-0.7393,-90.3518,69.64,85,53,9.62,broken clouds,0.0,0.0
178,Puerto Escondido,MX,15.85,-97.0667,85.03,65,1,5.75,clear sky,0.0,0.0
179,Muroto,JP,33.2833,134.15,44.64,64,96,7.83,overcast clouds,0.0,0.0
180,Santa Marta,CO,11.2408,-74.199,86.05,62,75,6.91,broken clouds,0.0,0.0
181,Wanaka,NZ,-44.7,169.15,51.12,66,98,5.01,overcast clouds,0.0,0.0
182,Lardos,GR,36.0942,28.0157,59.95,79,41,1.57,scattered clouds,0.0,0.0
183,Nhulunbuy,AU,-12.2333,136.7667,88.41,58,69,4.61,broken clouds,0.0,0.0
184,Leningradskiy,RU,69.3833,178.4167,-3.69,98,100,15.05,light snow,0.0,0.34
185,Marana,US,32.4367,-111.2254,77.61,24,1,8.05,clear sky,0.0,0.0
186,Praya,CV,14.9215,-23.5087,72.14,83,0,18.41,clear sky,0.0,0.0
187,Whyalla,AU,-33.0333,137.5833,66.09,82,90,9.22,overcast clouds,0.0,0.0
188,Teya,RU,60.3778,92.6267,12.54,96,100,2.64,light snow,0.0,0.26
189,Kokopo,PG,-4.352,152.2633,78.62,82,97,2.28,overcast clouds,0.0,0.0
190,Haines Junction,CA,60.7522,-137.5108,0.66,99,100,2.13,overcast clouds,0.0,0.0
191,Lata,PT,40.1629,-8.3327,52.92,95,47,2.8,scattered clouds,0.0,0.0
192,Saint Anthony,US,45.0205,-93.218,37.92,67,90,5.01,overcast clouds,0.0,0.0
193,Prainha,BR,-1.8,-53.48,79.07,75,96,3.33,light rain,0.22,0.0
194,Maceio,BR,-9.6658,-35.7353,76.44,94,75,1.14,broken clouds,0.0,0.0
195,Pochutla,MX,15.7432,-96.4661,85.82,59,0,5.95,clear sky,0.0,0.0
196,Saint George,US,37.1041,-113.5841,70.36,24,1,1.01,clear sky,0.0,0.0
197,Port Alfred,ZA,-33.5906,26.891,68.59,92,100,5.99,overcast clouds,0.0,0.0
198,Souillac,MU,-20.5167,57.5167,78.37,74,22,10.25,few clouds,0.0,0.0
199,Tres Arroyos,AR,-38.3739,-60.2798,63.9,61,52,5.95,broken clouds,0.0,0.0
200,Komsomolskiy,UZ,40.4272,71.7189,40.42,70,100,1.3,overcast clouds,0.0,0.0
201,Paso De Carrasco,UY,-34.8603,-56.0522,66.34,77,75,9.22,broken clouds,0.0,0.0
202,Qiongshan,CN,20.0058,110.3542,60.78,67,0,6.71,clear sky,0.0,0.0
203,Zile,TR,40.3031,35.8864,34.92,65,5,3.0,clear sky,0.0,0.0
204,Huazhou,CN,21.6333,110.5833,52.77,44,46,4.92,scattered clouds,0.0,0.0
205,Sao Filipe,CV,14.8961,-24.4956,75.49,73,66,12.39,broken clouds,0.0,0.0
206,Natal,BR,-5.795,-35.2094,81.25,78,20,11.5,few clouds,0.0,0.0
207,Banepa,NP,27.6298,85.5214,52.12,94,20,2.3,few clouds,0.0,0.0
208,Najran,SA,17.4924,44.1277,52.45,38,0,1.48,clear sky,0.0,0.0
209,San Angelo,US,31.4638,-100.437,75.33,67,1,1.99,clear sky,0.0,0.0
210,Bonavista,CA,48.6499,-53.1147,33.12,63,94,17.43,overcast clouds,0.0,0.0
211,Oksfjord,NO,70.2396,22.3479,29.32,77,48,9.24,scattered clouds,0.0,0.0
212,Khilok,RU,51.3674,110.4676,11.53,91,21,3.91,few clouds,0.0,0.0
213,Severo-Kurilsk,RU,50.6789,156.125,31.68,77,94,16.49,overcast clouds,0.0,0.0
214,Iralaya,HN,15.0,-83.2333,78.31,86,11,7.96,few clouds,0.0,0.0
215,San Patricio,US,28.017,-97.5169,79.21,79,100,14.2,overcast clouds,0.0,0.0
216,Krumbach,DE,48.2418,10.3632,34.57,91,55,1.88,broken clouds,0.0,0.0
217,Ornskoldsvik,SE,63.2909,18.7153,5.95,100,20,4.61,few clouds,0.0,0.0
218,Vardo,NO,70.3705,31.1107,7.0,78,19,22.3,few clouds,0.0,0.0
219,Matara,LK,5.9485,80.5353,75.33,91,71,4.99,broken clouds,0.0,0.0
220,Cayenne,GF,4.9333,-52.3333,77.09,90,90,2.3,overcast clouds,0.0,0.0
221,Avera,US,33.194,-82.5271,66.07,69,100,5.03,overcast clouds,0.0,0.0
222,Rocha,UY,-34.4833,-54.3333,61.07,97,86,5.23,overcast clouds,0.0,0.0
223,Banda Aceh,ID,5.5577,95.3222,76.87,84,97,8.86,overcast clouds,0.0,0.0
224,Sitka,US,57.0531,-135.33,35.49,75,90,8.05,light snow,1.03,0.0
225,Ancud,CL,-41.8697,-73.8203,71.13,68,38,5.48,scattered clouds,0.0,0.0
226,Sonoita,MX,31.85,-112.8333,75.52,14,0,10.18,clear sky,0.0,0.0
227,Yarada,IN,17.65,83.2667,77.32,94,75,2.3,mist,0.0,0.0
228,Billings,US,45.7833,-108.5007,26.92,63,75,3.44,light snow,0.0,0.25
229,Taoudenni,ML,22.6783,-3.9836,61.65,22,100,10.18,overcast clouds,0.0,0.0
230,Laguna,US,38.421,-121.4238,67.64,82,75,3.44,broken clouds,0.0,0.0
231,Manicore,BR,-5.8092,-61.3003,75.31,95,66,0.2,broken clouds,0.0,0.0
232,Aswan,EG,24.0934,32.907,60.1,38,0,9.22,clear sky,0.0,0.0
233,Sulangan,PH,11.1373,123.7228,80.49,74,53,19.57,broken clouds,0.0,0.0
234,Ribeira Grande,PT,38.5167,-28.7,63.93,73,72,7.83,broken clouds,0.0,0.0
235,Bredasdorp,ZA,-34.5322,20.0403,59.29,96,100,8.48,light rain,0.43,0.0
236,Caravelas,BR,-17.7125,-39.2481,74.43,87,0,5.01,clear sky,0.0,0.0
237,Kavaratti,IN,10.5669,72.642,80.69,72,60,12.48,broken clouds,0.0,0.0
238,Ilulissat,GL,69.2167,-51.1,30.22,64,75,13.8,broken clouds,0.0,0.0
239,Hamilton,US,39.1834,-84.5333,61.0,86,90,1.01,heavy intensity rain,2.3,0.0
240,Sunrise Manor,US,36.2111,-115.0731,78.44,12,1,0.0,clear sky,0.0,0.0
241,Ostersund,SE,63.1792,14.6357,10.85,79,90,10.36,overcast clouds,0.0,0.0
242,Port Lincoln,AU,-34.7333,135.8667,64.36,61,3,5.55,clear sky,0.0,0.0
243,Cuenca,EC,-2.8833,-78.9833,62.73,77,75,5.75,light rain,0.32,0.0
244,Kahului,US,20.8947,-156.47,73.85,90,90,9.22,moderate rain,1.15,0.0
245,Rio Cuarto,AR,-33.1307,-64.3499,64.17,88,90,8.05,overcast clouds,0.0,0.0
246,Wattegama,LK,6.7989,81.4808,73.11,96,5,1.99,clear sky,0.0,0.0
247,Naron,ES,43.5167,-8.1528,53.6,86,94,7.2,overcast clouds,0.0,0.0
248,Gornozavodsk,RU,58.3758,58.3211,-4.52,99,87,3.49,overcast clouds,0.0,0.0
249,Eenhana,NA,-17.4667,16.3333,68.16,81,18,0.63,moderate rain,2.12,0.0
250,Codrington,AU,-38.2667,141.9667,70.02,41,99,10.29,overcast clouds,0.0,0.0
251,Hasaki,JP,35.7333,140.8333,46.8,62,100,9.71,overcast clouds,0.0,0.0
252,Biak,ID,-0.9131,122.8766,77.49,87,100,3.85,overcast clouds,0.0,0.0
253,Aripuana,BR,-9.1667,-60.6333,74.34,89,83,1.92,broken clouds,0.0,0.0
254,Kommunar,RU,59.6206,30.39,-0.96,99,21,4.45,few clouds,0.0,0.0
255,Kathu,TH,7.9178,98.3332,73.22,76,100,15.28,overcast clouds,0.0,0.0
256,Bambous Virieux,MU,-20.3428,57.7575,78.22,78,40,8.05,scattered clouds,0.0,0.0
257,Yerbogachen,RU,61.2767,108.0108,-23.57,100,92,2.46,overcast clouds,0.0,0.0
258,Tucuma,BR,-0.1833,-50.05,76.87,92,73,6.38,light rain,0.67,0.0
259,Castro Marim,PT,37.2207,-7.4435,53.58,73,0,14.12,clear sky,0.0,0.0
260,Guararapes,BR,-21.2608,-50.6428,79.07,64,24,7.36,few clouds,0.0,0.0
261,Berlevag,NO,70.8578,29.0864,28.4,86,56,25.66,broken clouds,0.0,0.0
262,Kuching,MY,1.55,110.3333,73.62,100,40,2.3,scattered clouds,0.0,0.0
263,Rajec,SK,49.089,18.6401,34.18,96,90,1.14,light snow,0.0,0.24
264,Sharya,RU,58.3686,45.5144,-2.43,98,24,2.71,few clouds,0.0,0.0
265,Rangapara,IN,26.8167,92.65,63.37,75,78,4.99,broken clouds,0.0,0.0
266,Manturovo,RU,58.3353,44.7619,-3.41,98,28,2.73,scattered clouds,0.0,0.0
267,Clyde River,CA,70.4692,-68.5914,6.94,93,100,24.25,light snow,0.0,0.24
268,Wakkanai,JP,45.4094,141.6739,44.64,79,100,32.53,overcast clouds,0.0,0.0
269,Aksarka,RU,66.5606,67.7975,-16.85,91,39,13.8,scattered clouds,0.0,0.0
270,Kosa,RU,59.9445,54.9977,-7.19,99,94,4.74,overcast clouds,0.0,0.0
271,Nagua,DO,19.3832,-69.8474,78.85,78,40,0.0,scattered clouds,0.0,0.0
272,Vao,NC,-22.6667,167.4833,76.24,81,100,16.89,overcast clouds,0.0,0.0
273,Hirado,JP,33.3597,129.5531,46.38,66,85,6.33,overcast clouds,0.0,0.0
274,Iqaluit,CA,63.7506,-68.5145,10.13,66,90,15.99,light snow,0.0,0.0
275,Nassjo,SE,57.6531,14.6968,20.32,95,92,6.02,overcast clouds,0.0,0.0
276,Nouadhibou,MR,20.931,-17.0347,70.39,51,39,12.21,scattered clouds,0.0,0.0
277,Wajir,KE,1.7471,40.0573,78.75,67,64,12.44,broken clouds,0.0,0.0
278,Brae,GB,60.3964,-1.353,40.91,62,78,8.14,broken clouds,0.0,0.0
279,Cidreira,BR,-30.1811,-50.2056,69.64,87,50,14.76,scattered clouds,0.0,0.0
280,Egvekinot,RU,66.3167,-179.1667,-2.18,82,93,27.42,overcast clouds,0.0,0.0
281,Superior,US,46.7208,-92.1041,30.49,93,90,0.0,snow,0.0,0.77
282,Wawa,NG,9.9022,4.4192,79.09,30,95,3.18,overcast clouds,0.0,0.0
283,Kindu,CD,-2.95,25.95,69.98,99,100,1.99,overcast clouds,0.0,0.0
284,Zhuravka,UA,50.4811,32.5949,30.79,77,100,8.23,overcast clouds,0.0,0.0
285,Portland,US,45.5234,-122.6762,48.2,77,75,1.99,broken clouds,0.0,0.0
286,Santiago Del Estero,AR,-27.7951,-64.2615,82.8,43,35,3.47,scattered clouds,0.0,0.0
287,Shakawe,BW,-18.3667,21.85,72.36,65,100,6.91,overcast clouds,0.0,0.0
288,Palmer,US,42.1584,-72.3287,38.8,63,75,3.44,broken clouds,0.0,0.0
289,Vredendal,ZA,-31.6683,18.5012,61.84,85,19,5.64,few clouds,0.0,0.0
290,Bar Harbor,US,44.3876,-68.2039,31.91,61,1,0.0,clear sky,0.0,0.0
291,Baruun-Urt,MN,46.6806,113.2792,18.28,71,2,8.25,clear sky,0.0,0.0
292,Bubaque,GW,11.2833,-15.8333,81.54,69,100,14.07,overcast clouds,0.0,0.0
293,Geraldton,AU,-28.7667,114.6,74.12,56,1,13.8,clear sky,0.0,0.0
294,El Dorado,US,38.7666,-120.5177,73.17,48,54,1.99,broken clouds,0.0,0.0
295,Margate,GB,51.3813,1.3862,41.97,91,85,17.85,overcast clouds,0.0,0.0
296,San Policarpo,PH,12.1791,125.5072,79.43,77,64,14.09,broken clouds,0.0,0.0
297,Rio Gallegos,AR,-51.6226,-69.2181,60.85,21,0,28.77,clear sky,0.0,0.0
298,Balabag,PH,11.97,121.9192,79.03,75,63,19.8,broken clouds,0.0,0.0
299,Bryan,US,30.6744,-96.37,76.89,75,40,9.22,scattered clouds,0.0,0.0
300,Shimoda,JP,34.6667,138.95,52.16,83,100,16.11,overcast clouds,0.0,0.0
301,Coquimbo,CL,-29.9533,-71.3436,58.73,82,75,11.5,broken clouds,0.0,0.0
302,Tihemetsa,EE,58.1462,25.0459,6.66,94,74,5.84,broken clouds,0.0,0.0
303,Jasper,US,37.2001,-94.3502,68.27,60,1,1.99,clear sky,0.0,0.0
304,Naryan-Mar,RU,67.6713,53.087,20.17,84,100,18.54,overcast clouds,0.0,0.0
305,Amuntai,ID,-2.4177,115.2494,73.92,97,100,1.54,overcast clouds,0.0,0.0
306,Mildura,AU,-34.2,142.15,73.36,18,56,0.0,broken clouds,0.0,0.0
307,Paamiut,GL,61.994,-49.6678,25.16,68,100,13.98,light snow,0.0,0.25
308,Japura,ID,-0.3167,102.35,72.25,98,99,2.68,light rain,0.19,0.0
309,Grand Gaube,MU,-20.0064,57.6608,78.39,70,7,5.99,clear sky,0.0,0.0
310,Guaruja,BR,-23.9931,-46.2564,80.17,26,52,1.99,broken clouds,0.0,0.0
311,Noumea,NC,-22.2763,166.4572,85.98,99,90,5.14,overcast clouds,0.0,0.0
312,Kikwit,CD,-5.041,18.8162,70.56,97,100,1.5,light rain,0.42,0.0
313,Alice Springs,AU,-23.7,133.8833,76.55,47,3,8.05,clear sky,0.0,0.0
314,Aklavik,CA,68.2191,-135.0107,-6.77,88,11,8.41,few clouds,0.0,0.0
315,Corning,US,42.1428,-77.0547,42.49,55,100,14.38,overcast clouds,0.0,0.0
316,Quang Ngai,VN,15.1167,108.8,66.25,94,100,7.9,overcast clouds,0.0,0.0
317,Ibicarai,BR,-14.865,-39.5875,75.18,97,3,2.33,clear sky,0.0,0.0
318,Grand-Lahou,CI,5.1367,-5.0242,80.38,83,25,8.48,scattered clouds,0.0,0.0
319,Liverpool,GB,53.4106,-2.9779,39.18,91,75,1.99,broken clouds,0.0,0.0
320,Sorland,NO,67.667,12.6934,26.83,65,76,10.69,broken clouds,0.0,0.0
321,Waddan,LY,29.1614,16.139,52.3,39,0,6.78,clear sky,0.0,0.0
322,Namibe,AO,-15.1961,12.1522,72.28,62,4,6.42,clear sky,0.0,0.0
323,Lakhdenpokhya,RU,61.5198,30.1992,19.81,93,97,7.34,overcast clouds,0.0,0.0
324,Lincoln,US,40.8,-96.667,49.91,35,1,5.01,clear sky,0.0,0.0
325,Guanica,PR,17.9716,-66.908,81.21,82,100,7.0,overcast clouds,0.0,0.0
326,Blanes,ES,41.6742,2.7904,48.2,39,20,5.01,few clouds,0.0,0.0
327,San Cristobal,VE,7.7669,-72.225,75.38,74,75,2.01,broken clouds,0.0,0.0
328,Sunggal,ID,3.5765,98.6151,75.18,100,40,2.3,scattered clouds,0.0,0.0
329,Terpinnya,UA,46.9697,35.4197,35.28,88,85,3.4,overcast clouds,0.0,0.0
330,Weyburn,CA,49.6668,-103.8511,1.62,78,100,23.02,overcast clouds,0.0,0.0
331,San Andres,CO,12.5847,-81.7006,82.42,78,40,12.66,scattered clouds,0.0,0.0
332,Walvis Bay,NA,-22.9575,14.5053,59.09,86,0,10.16,clear sky,0.0,0.0
333,Jutai,BR,-5.1833,-68.9,72.3,97,95,2.04,overcast clouds,0.0,0.0
334,Hazorasp,UZ,41.3194,61.0742,28.24,79,18,8.93,few clouds,0.0,0.0
335,Vanimo,PG,-2.6741,141.3028,84.56,70,96,4.56,overcast clouds,0.0,0.0
336,Khasan,RU,42.4308,130.6434,27.45,72,2,4.81,clear sky,0.0,0.0
337,Whitehorse,CA,60.7161,-135.0538,-6.9,76,40,18.01,scattered clouds,0.0,0.0
338,Salinopolis,BR,-0.6136,-47.3561,79.83,85,27,11.68,scattered clouds,0.0,0.0
339,Port Elizabeth,ZA,-33.918,25.5701,65.1,100,90,16.11,overcast clouds,0.0,0.0
340,Dingle,PH,10.9995,122.6711,73.22,89,40,6.87,scattered clouds,0.0,0.0
341,Kasongo-Lunda,CD,-6.4667,16.8167,69.4,98,100,0.85,light rain,0.23,0.0
342,Arrifes,PT,37.7667,-25.7,61.23,63,75,1.14,broken clouds,0.0,0.0
343,Tongzi,CN,28.7829,105.0877,52.97,81,37,1.79,scattered clouds,0.0,0.0
344,Talnakh,RU,69.4865,88.3972,-16.8,99,100,13.47,snow,0.0,0.62
345,Neryungri,RU,56.6709,124.6491,-5.85,96,99,3.49,overcast clouds,0.0,0.0
346,Cervo,ES,43.6702,-7.4101,52.97,82,98,11.39,overcast clouds,0.0,0.0
347,Presidencia Roque Saenz Pena,AR,-26.7852,-60.4388,82.76,41,5,5.97,clear sky,0.0,0.0
348,Gladstone,AU,-23.85,151.25,80.53,61,40,16.11,scattered clouds,0.0,0.0
349,Hovd,MN,48.0056,91.6419,19.71,54,100,1.16,overcast clouds,0.0,0.0
350,Kysyl-Syr,RU,63.8986,122.7617,-29.6,96,47,5.77,scattered clouds,0.0,0.0
351,Requena,ES,39.4883,-1.1004,44.53,68,28,12.35,scattered clouds,0.0,0.0
352,Tual,ID,-5.6667,132.75,82.44,78,99,13.87,moderate rain,1.09,0.0
353,Hithadhoo,MV,-0.6,73.0833,81.27,78,100,12.3,overcast clouds,0.0,0.0
354,Soma,TR,39.1855,27.6094,52.99,92,15,3.69,few clouds,0.0,0.0
355,Bathsheba,BB,13.2167,-59.5167,81.21,74,40,20.71,scattered clouds,0.0,0.0
356,Mahibadhoo,MV,3.7833,72.9667,82.17,73,33,13.18,scattered clouds,0.0,0.0
357,Shache,CN,38.4167,77.2406,29.34,34,100,1.9,overcast clouds,0.0,0.0
358,Chara,RU,56.9064,118.2631,-1.79,73,89,2.37,overcast clouds,0.0,0.0
359,Keti Bandar,PK,24.1447,67.4497,72.7,72,1,9.33,clear sky,0.0,0.0
360,Voi,KE,-3.3945,38.563,71.26,89,99,1.88,overcast clouds,0.0,0.0
361,Praia,CV,14.9215,-23.5087,72.14,83,0,18.41,clear sky,0.0,0.0
362,Ishikari,JP,43.2397,141.3539,36.81,86,20,6.91,few clouds,0.0,0.0
363,Mercedes,AR,-34.6515,-59.4307,73.02,75,10,10.27,clear sky,0.0,0.0
364,Ouadda,CF,8.0777,22.4007,76.48,26,94,7.29,overcast clouds,0.0,0.0
365,Porto Walter,BR,-8.2686,-72.7439,72.66,99,100,4.47,overcast clouds,0.0,0.0
366,Ambon,ID,-3.6954,128.1814,82.54,78,40,9.22,light rain,0.21,0.0
367,Port Keats,AU,-14.25,129.55,83.82,61,99,3.2,overcast clouds,0.0,0.0
368,Huangzhai,CN,38.0751,112.6595,21.61,37,0,6.51,clear sky,0.0,0.0
369,Ban Nahin,LA,18.2418,104.2122,54.55,68,26,3.98,scattered clouds,0.0,0.0
370,Athabasca,CA,54.7169,-113.2854,-2.38,67,42,8.03,scattered clouds,0.0,0.0
371,Virginia Beach,US,36.8529,-75.978,57.25,74,90,8.05,overcast clouds,0.0,0.0
372,Ilam,NP,26.9167,87.9167,55.78,79,48,5.03,scattered clouds,0.0,0.0
373,Katangli,RU,51.7102,143.2326,21.07,86,73,9.95,broken clouds,0.0,0.0
374,Vrangel,RU,42.7297,133.0839,39.34,90,69,3.27,broken clouds,0.0,0.0
375,Muzhi,RU,65.3667,64.6667,-19.37,93,6,6.6,clear sky,0.0,0.0
376,Sorong,ID,-0.8833,131.25,81.14,83,96,4.5,overcast clouds,0.0,0.0
377,Maragogi,BR,-9.0122,-35.2225,77.31,87,51,8.7,light rain,0.78,0.0
378,Eslamshahr,IR,35.5605,51.2346,44.04,73,40,4.61,haze,0.0,0.0
379,Carndonagh,IE,55.25,-7.2667,39.78,80,100,13.62,light rain,0.74,0.0
380,Mount Gambier,AU,-37.8333,140.7667,68.22,37,74,6.96,broken clouds,0.0,0.0
381,Kamenka,RU,51.3223,42.7678,26.98,68,93,6.62,overcast clouds,0.0,0.0
382,Buraydah,SA,26.326,43.975,62.67,24,18,11.86,few clouds,0.0,0.0
383,Hurricane,US,37.1753,-113.2899,68.99,23,19,3.33,few clouds,0.0,0.0
384,Mezen,RU,65.8522,44.24,8.49,83,17,7.65,few clouds,0.0,0.0
385,Moundou,TD,8.5667,16.0833,78.22,28,46,4.16,scattered clouds,0.0,0.0
386,Sistranda,NO,63.7256,8.834,22.96,69,81,14.5,broken clouds,0.0,0.0
387,Biloela,AU,-24.4167,150.5,77.65,65,41,6.85,scattered clouds,0.0,0.0
388,Perth,AU,-31.9333,115.8333,67.08,61,0,12.66,clear sky,0.0,0.0
389,Chokurdakh,RU,70.6333,147.9167,-42.14,99,57,5.82,broken clouds,0.0,0.0
390,Svetlaya,RU,46.5389,138.3297,32.76,71,2,8.93,clear sky,0.0,0.0
391,Mayya,RU,61.7333,130.2811,-24.48,99,100,3.04,overcast clouds,0.0,0.0
392,Vangaindrano,MG,-23.35,47.6,74.59,93,17,6.26,light rain,0.19,0.0
393,Bucerias,MX,20.75,-105.3333,82.38,65,75,6.91,broken clouds,0.0,0.0
394,Hammerfest,NO,70.6634,23.6821,28.85,80,20,24.16,few clouds,0.0,0.0
395,Vila Velha,BR,-20.3297,-40.2925,78.75,86,40,5.99,scattered clouds,0.0,0.0
396,Amahai,ID,-3.3333,128.9167,81.03,79,95,3.44,overcast clouds,0.0,0.0
397,Sao Joao Da Barra,BR,-21.6403,-41.0511,75.6,85,32,14.14,scattered clouds,0.0,0.0
398,Qinzhou,CN,21.95,108.6167,53.55,47,9,4.83,clear sky,0.0,0.0
399,Bangalore,IN,12.9762,77.6033,66.02,80,98,5.41,overcast clouds,0.0,0.0
400,Ambilobe,MG,-13.2,49.05,75.56,72,4,2.89,clear sky,0.0,0.0
401,Yarmouth,US,41.7057,-70.2286,43.97,70,1,0.0,clear sky,0.0,0.0
402,Santa Cruz Cabralia,BR,-16.2781,-39.0247,77.23,88,40,3.44,scattered clouds,0.0,0.0
403,Nantucket,US,41.2835,-70.0995,43.02,63,1,0.0,clear sky,0.0,0.0
404,Ojinaga,MX,29.5667,-104.4167,76.57,33,1,4.61,clear sky,0.0,0.0
405,Aksu,CN,41.1231,80.2644,29.61,46,100,1.03,overcast clouds,0.0,0.0
406,Santa Rosa,PH,14.3122,121.1114,74.86,72,78,7.49,broken clouds,0.0,0.0
407,Mampong,GH,7.0627,-1.4001,75.13,33,28,3.76,scattered clouds,0.0,0.0
408,Pincher Creek,CA,49.4833,-113.952,14.16,85,90,9.22,light snow,0.0,0.0
409,Vanavara,RU,60.34,102.2797,-1.19,99,100,2.48,overcast clouds,0.0,0.0
410,Oum Hadjer,TD,13.2954,19.6966,77.76,21,52,10.16,broken clouds,0.0,0.0
411,Benghazi,LY,32.1167,20.0667,64.22,51,48,17.11,scattered clouds,0.0,0.0
412,Iskateley,RU,67.6803,53.1512,20.1,84,100,18.54,overcast clouds,0.0,0.0
413,Abu Samrah,SY,35.3029,37.1841,50.81,54,3,3.56,clear sky,0.0,0.0
414,Mancora,PE,-4.1078,-81.0475,74.61,66,97,20.62,overcast clouds,0.0,0.0
415,Jumla,NP,29.2747,82.1838,40.21,86,71,2.91,broken clouds,0.0,0.0
416,Broken Hill,AU,-31.95,141.4333,77.86,22,49,9.28,scattered clouds,0.0,0.0
417,Mbigou,GA,-1.9005,11.906,69.53,98,100,0.72,moderate rain,1.57,0.0
418,Praia Da Vitoria,PT,38.7333,-27.0667,61.05,88,75,4.88,broken clouds,0.0,0.0
419,The Hammocks,US,25.6715,-80.4445,77.0,86,1,6.91,clear sky,0.0,0.0
420,Takoradi,GH,4.8845,-1.7554,80.56,84,48,8.72,scattered clouds,0.0,0.0
421,Beberibe,BR,-4.1797,-38.1306,86.16,82,16,14.81,few clouds,0.0,0.0
422,Djibo,BF,14.1022,-1.6306,77.34,12,6,8.21,clear sky,0.0,0.0
423,Imbituba,BR,-28.24,-48.6703,71.82,95,100,12.57,light rain,0.19,0.0
424,Tecoanapa,MX,16.5167,-98.75,83.41,65,1,7.58,clear sky,0.0,0.0
425,Kulevcha,UA,46.0303,29.9361,49.39,95,100,14.94,overcast clouds,0.0,0.0
426,Suez,EG,29.9737,32.5263,56.93,73,0,1.39,clear sky,0.0,0.0
427,Ca Mau,VN,9.1769,105.15,69.19,85,94,5.93,overcast clouds,0.0,0.0
428,Aktau,KZ,43.65,51.2,34.38,66,85,9.19,overcast clouds,0.0,0.0
429,Sao Gabriel Da Cachoeira,BR,-0.1303,-67.0892,74.82,97,98,2.01,overcast clouds,0.0,0.0
430,Yelizovo,RU,53.1873,158.3805,26.74,63,75,7.0,broken clouds,0.0,0.0
431,Sao Felix Do Xingu,BR,-6.6447,-51.995,73.02,95,95,1.3,overcast clouds,0.0,0.0
432,Yulara,AU,-25.2406,130.9889,78.22,30,0,16.46,clear sky,0.0,0.0
433,Melnikovo,RU,56.5558,84.085,32.04,92,100,12.41,overcast clouds,0.0,0.0
434,Magadan,RU,59.5667,150.8,-8.16,90,28,6.64,scattered clouds,0.0,0.0
435,Marzuq,YE,14.4,46.4667,59.81,39,3,1.83,clear sky,0.0,0.0
436,Vila Franca Do Campo,PT,37.7167,-25.4333,63.19,85,37,3.8,scattered clouds,0.0,0.0
437,Giyon,ET,8.5333,37.9833,54.19,54,4,11.03,clear sky,0.0,0.0
438,Rapid City,US,44.0805,-103.231,27.7,57,90,8.01,overcast clouds,0.0,0.0
439,Lompoc,US,34.6391,-120.4579,79.09,77,1,21.0,clear sky,0.0,0.0
440,Kendari,ID,-3.945,122.4989,75.72,93,100,0.69,overcast clouds,0.0,0.0
441,Edgewater,US,28.9889,-80.9023,74.28,78,90,6.91,overcast clouds,0.0,0.0
442,Ahipara,NZ,-35.1667,173.1667,74.77,66,56,9.86,broken clouds,0.0,0.0
443,Hofn,IS,64.2539,-15.2082,41.11,95,100,30.89,moderate rain,1.33,0.0
444,Adeje,ES,28.1227,-16.726,66.97,64,20,28.77,few clouds,0.0,0.0
445,Abha,SA,18.2164,42.5053,53.42,43,0,0.0,clear sky,0.0,0.0
446,Cap Malheureux,MU,-19.9842,57.6142,78.48,70,5,5.99,clear sky,0.0,0.0
447,Bibiani,GH,6.4635,-2.3194,72.86,80,6,2.42,clear sky,0.0,0.0
448,Luganville,VU,-15.5333,167.1667,85.12,69,23,9.15,few clouds,0.0,0.0
449,Santa Maria,BR,-29.6842,-53.8069,78.1,61,20,10.36,few clouds,0.0,0.0
450,Skjervoy,NO,70.0311,20.9714,27.36,51,30,7.49,scattered clouds,0.0,0.0
451,Chandbali,IN,20.7833,86.7667,70.45,92,100,11.03,overcast clouds,0.0,0.0
452,Lazaro Cardenas,MX,17.9583,-102.2,82.15,69,65,5.12,broken clouds,0.0,0.0
453,Bartica,GY,6.4,-58.6167,77.32,94,100,3.44,overcast clouds,0.0,0.0
454,Port Pirie,AU,-33.1833,138.0167,66.29,56,81,7.81,broken clouds,0.0,0.0
455,Nortelandia,BR,-14.4547,-56.8028,75.99,91,97,1.23,moderate rain,2.37,0.0
456,Dali,CN,25.7,100.1833,46.76,91,54,0.69,broken clouds,0.0,0.0
457,Tandalti,SD,13.0167,31.8667,76.17,25,1,12.08,clear sky,0.0,0.0
458,Iracoubo,GF,5.4802,-53.2011,77.83,88,97,8.61,light rain,0.42,0.0
459,Neuquen,AR,-38.9516,-68.0591,84.09,30,0,8.05,clear sky,0.0,0.0
460,Saint-Joseph,RE,-21.3667,55.6167,75.56,79,42,9.53,scattered clouds,0.0,0.0
461,Ndele,CF,8.4109,20.6473,82.27,25,99,4.52,overcast clouds,0.0,0.0
462,Ajdabiya,LY,30.7554,20.2263,57.43,40,0,9.55,clear sky,0.0,0.0
463,Saint-Pierre,RE,-21.3393,55.4781,76.64,72,0,6.91,clear sky,0.0,0.0
464,Adrar,MR,20.5022,-10.0711,61.5,13,100,10.47,overcast clouds,0.0,0.0
465,Manta,EC,-0.95,-80.7333,76.78,78,75,10.36,broken clouds,0.0,0.0
466,Zhanaozen,KZ,43.3,52.8,37.49,67,99,9.71,overcast clouds,0.0,0.0
467,Buta,CD,2.7858,24.73,72.36,94,100,3.22,overcast clouds,0.0,0.0
468,Vung Tau,VN,10.346,107.0843,75.24,80,100,2.55,overcast clouds,0.0,0.0
469,Lagoa,PT,39.05,-27.9833,63.07,75,84,11.9,broken clouds,0.0,0.0
470,Lima,PE,-12.0432,-77.0282,69.91,76,75,16.11,broken clouds,0.0,0.0
471,Yumen,CN,40.2833,97.2,24.57,51,21,16.04,few clouds,0.0,0.0
472,Port Hardy,CA,50.6996,-127.4199,39.2,86,90,4.61,overcast clouds,0.0,0.0
473,Mahon,ES,39.8885,4.2658,45.16,76,0,8.05,clear sky,0.0,0.0
474,Usinsk,RU,65.9939,57.5281,1.45,97,96,8.05,overcast clouds,0.0,0.0
475,Carutapera,BR,-1.195,-46.02,79.41,83,26,7.85,scattered clouds,0.0,0.0
476,Ures,MX,29.4333,-110.4,83.08,20,0,6.53,clear sky,0.0,0.0
477,Ponta Delgada,PT,37.7333,-25.6667,63.5,63,75,1.14,broken clouds,0.0,0.0
478,Tiznit,MA,29.5833,-9.5,55.99,52,2,0.83,clear sky,0.0,0.0
479,Cabo San Lucas,MX,22.8909,-109.9124,81.52,58,75,2.3,broken clouds,0.0,0.0
480,Mount Darwin,ZW,-16.7725,31.5838,79.45,30,42,3.53,scattered clouds,0.0,0.0
481,Rawson,AR,-43.3002,-65.1023,64.81,58,29,14.47,scattered clouds,0.0,0.0
482,Auki,SB,-8.7676,160.7034,81.66,85,98,10.4,light rain,0.22,0.0
483,Trairi,BR,-3.2778,-39.2689,81.32,77,6,12.55,clear sky,0.0,0.0
484,Cozumel,MX,20.5083,-86.9458,78.87,86,40,5.99,scattered clouds,0.0,0.0
485,Porosozero,RU,62.7191,32.727,11.46,96,96,7.31,overcast clouds,0.0,0.0
486,Along,IN,28.1667,94.7667,56.08,85,74,1.57,broken clouds,0.0,0.0
487,Kapoeta,SS,4.7717,33.5903,82.13,41,93,14.32,overcast clouds,0.0,0.0
488,Cooma,AU,-36.2333,149.1333,58.23,51,94,10.4,overcast clouds,0.0,0.0
489,Sterling,US,39.0062,-77.4286,48.97,49,90,5.01,overcast clouds,0.0,0.0
490,Raha,IN,26.2333,92.5167,65.98,81,90,2.35,light rain,0.76,0.0
491,Hulan,CN,45.9833,126.6,21.31,90,85,6.55,overcast clouds,0.0,0.0
492,Novopskov,UA,49.5464,39.0899,30.45,85,100,4.97,overcast clouds,0.0,0.0
493,Ampanihy,MG,-24.7,44.75,73.2,74,0,4.68,clear sky,0.0,0.0
494,Mpongwe,ZM,-13.5091,28.155,74.64,41,100,2.62,overcast clouds,0.0,0.0
495,Saint-Francois,FR,46.4154,3.9054,37.47,92,90,8.05,overcast clouds,0.0,0.0
496,Baft,IR,29.234,56.6057,44.17,27,8,2.35,clear sky,0.0,0.0
497,Baykit,RU,61.67,96.37,-8.07,96,100,3.04,overcast clouds,0.0,0.0
498,Alaca,TR,40.1683,34.8425,43.32,63,4,4.16,clear sky,0.0,0.0
499,Big Spring,US,32.2504,-101.4787,76.48,32,1,7.0,clear sky,0.0,0.0
500,Faya,SA,18.3851,42.4509,53.71,70,0,1.79,clear sky,0.0,0.0
501,Tessalit,ML,20.1986,1.0114,66.69,16,66,8.55,broken clouds,0.0,0.0
502,Polunochnoye,RU,60.8697,60.4153,-3.69,98,100,3.53,light snow,0.0,0.15
503,Rio Grande,BR,-32.035,-52.0986,68.95,82,21,11.92,few clouds,0.0,0.0
504,Tautira,PF,-17.7333,-149.15,86.02,74,80,16.37,broken clouds,0.0,0.0
505,Okahandja,NA,-21.9833,16.9167,64.83,29,0,4.88,clear sky,0.0,0.0
506,Umba,RU,66.6871,34.3429,13.91,77,30,12.57,scattered clouds,0.0,0.0
507,Onega,RU,63.9061,38.1404,7.14,91,36,3.04,scattered clouds,0.0,0.0
508,Tutoia,BR,-2.7619,-42.2744,81.36,83,27,13.67,scattered clouds,0.0,0.0
509,Ust-Maya,RU,60.4167,134.5333,-2.2,95,100,5.73,overcast clouds,0.0,0.0
510,Hit,IQ,33.6416,42.8251,54.46,42,3,7.05,clear sky,0.0,0.0
511,Fare,PF,-16.7,-151.0167,81.09,67,52,16.31,broken clouds,0.0,0.0
512,Grevesmuhlen,DE,53.8667,11.1833,37.65,96,100,8.01,overcast clouds,0.0,0.0
513,Mayo,US,38.8876,-76.5119,50.99,65,1,0.0,clear sky,0.0,0.0
514,Xuddur,SO,4.1213,43.8894,70.75,72,46,9.78,scattered clouds,0.0,0.0
515,Cicanesti,RO,45.25,24.6333,35.2,86,99,3.65,light snow,0.0,0.14
516,Narsaq,GL,60.9167,-46.05,25.02,68,100,21.85,overcast clouds,0.0,0.0
517,Fort Nelson,CA,58.8053,-122.7002,-17.01,76,20,5.75,few clouds,0.0,0.0
518,Vila,PT,42.0304,-8.1588,42.33,84,86,3.51,overcast clouds,0.0,0.0
519,Faanui,PF,-16.4833,-151.75,81.37,66,44,17.02,scattered clouds,0.0,0.0
520,Ailigandi,PA,9.2333,-78.0167,80.37,87,100,3.87,overcast clouds,0.0,0.0
521,Belyy Yar,RU,53.6039,91.3903,8.85,88,64,4.47,mist,0.0,0.0
522,Alcaniz,ES,41.05,-0.1333,47.43,70,4,29.62,clear sky,0.0,0.0
523,Turtas,RU,58.9417,69.1325,0.21,94,32,4.27,scattered clouds,0.0,0.0
524,Richards Bay,ZA,-28.783,32.0377,76.96,75,96,14.88,overcast clouds,0.0,0.0
525,Clearwater,US,27.9659,-82.8001,73.78,79,1,4.0,clear sky,0.0,0.0
526,Andenes,NO,69.3143,16.1194,21.18,73,40,17.27,scattered clouds,0.0,0.0
527,Henties Bay,NA,-22.116,14.2845,58.86,91,0,7.47,clear sky,0.0,0.0
528,Jalu,LY,29.0331,21.5482,56.79,62,0,5.35,clear sky,0.0,0.0
529,Lewistown,US,40.5992,-77.5714,47.61,35,90,4.61,overcast clouds,0.0,0.0
530,Sweetwater,US,25.7634,-80.3731,76.01,84,20,1.01,few clouds,0.0,0.0
531,Launceston,AU,-41.45,147.1667,64.15,66,90,7.0,overcast clouds,0.0,0.0
532,Piacabucu,BR,-10.4056,-36.4344,78.33,83,69,11.32,broken clouds,0.0,0.0
533,Orlik,RU,52.5178,99.825,-2.74,88,62,2.37,broken clouds,0.0,0.0
534,Tabou,CI,4.423,-7.3528,80.42,81,17,7.94,few clouds,0.0,0.0
535,Mount Isa,AU,-20.7333,139.5,78.57,57,100,16.11,overcast clouds,0.0,0.0
536,Meadow Lake,US,34.8014,-106.5436,62.55,25,0,11.45,clear sky,0.0,0.0
537,Tobermory,CA,45.2501,-81.6665,30.31,96,100,25.1,snow,0.0,3.44
538,Bath,GB,51.3779,-2.3591,40.95,87,61,4.36,broken clouds,0.0,0.0
539,Gold Coast,AU,-28.0,153.4333,80.91,67,40,5.99,scattered clouds,0.0,0.0
540,Limoges,FR,45.75,1.3333,39.76,93,90,12.66,overcast clouds,0.0,0.0
541,Kiama,AU,-34.6833,150.8667,69.39,68,99,1.99,overcast clouds,0.0,0.0
542,Puerto Carreno,CO,6.189,-67.4859,85.98,66,0,8.05,clear sky,0.0,0.0
543,Champerico,GT,14.3,-91.9167,90.14,67,3,6.71,clear sky,0.0,0.0
544,Pimentel,PE,-6.8367,-79.9342,68.29,77,0,20.71,clear sky,0.0,0.0
545,Naze,JP,28.3667,129.4833,65.32,70,66,17.31,broken clouds,0.0,0.0
546,Botwood,CA,49.1499,-55.3482,29.68,64,95,9.98,overcast clouds,0.0,0.0
547,Kamaishi,JP,39.2667,141.8833,29.35,74,7,7.34,clear sky,0.0,0.0
548,Puerto Colombia,CO,10.9878,-74.9547,80.69,81,45,19.64,scattered clouds,0.0,0.0
549,San Miguel,SV,13.4833,-88.1833,91.0,46,20,0.0,few clouds,0.0,0.0
550,Poltavka,RU,54.3663,71.7632,20.84,91,98,7.78,overcast clouds,0.0,0.0
551,Lubao,PH,14.9167,120.55,73.42,79,89,6.06,overcast clouds,0.0,0.0
552,Turukhansk,RU,65.8167,87.9833,-36.74,99,21,4.63,few clouds,0.0,0.0
553,Mitsamiouli,KM,-11.3847,43.2844,80.82,76,20,11.95,few clouds,0.0,0.0
554,Ngawen,ID,-7.0032,111.3129,75.25,92,100,5.41,overcast clouds,0.0,0.0
555,Siniscola,IT,40.5719,9.6922,45.95,87,100,8.08,overcast clouds,0.0,0.0
556,Yebaishou,CN,41.3975,119.6408,30.52,52,97,10.31,overcast clouds,0.0,0.0
557,Lasa,IT,46.6166,10.7002,30.61,92,95,5.59,overcast clouds,0.0,0.0
558,Grindavik,IS,63.8424,-22.4338,39.67,87,90,9.22,heavy intensity rain,6.74,0.0
559,Sitges,ES,41.2351,1.8119,48.38,57,0,12.82,clear sky,0.0,0.0
560,Domoni,KM,-12.2569,44.5319,79.16,86,16,7.81,few clouds,0.0,0.0
561,Mayumba,GA,-3.432,10.6554,78.58,90,100,4.18,light rain,0.14,0.0
562,Svetlogorsk,BY,52.6333,29.7333,29.82,92,100,5.03,overcast clouds,0.0,0.0
563,Varna,BG,43.2167,27.9167,53.44,96,40,6.91,scattered clouds,0.0,0.0
564,Mangai,CD,-4.05,19.5333,69.94,98,100,0.87,overcast clouds,0.0,0.0
565,Shiyan,CN,32.6475,110.7781,45.12,70,0,4.5,clear sky,0.0,0.0
566,Sena Madureira,BR,-9.0656,-68.6569,74.17,98,99,1.05,moderate rain,3.99,0.0
567,Maarianhamina,AX,60.0973,19.9348,4.86,85,20,4.61,few clouds,0.0,0.0
568,Comodoro Rivadavia,AR,-45.8667,-67.5,67.86,45,0,21.85,clear sky,0.0,0.0
569,Manchester,GB,53.4809,-2.2374,40.8,87,75,1.14,broken clouds,0.0,0.0
570,Los Llanos De Aridane,ES,28.6585,-17.9182,64.15,62,75,15.01,broken clouds,0.0,0.0
571,Chicama,PE,-7.8447,-79.1469,63.14,75,100,7.34,overcast clouds,0.0,0.0
572,Torres,BR,-29.3353,-49.7269,71.83,91,80,11.45,broken clouds,0.0,0.0
573,Havoysund,NO,70.9963,24.6622,29.28,94,99,31.21,light snow,0.0,0.12
574,Gondanglegi,ID,-7.7479,112.0132,75.7,90,100,6.35,overcast clouds,0.0,0.0
575,Atambua,ID,-9.1061,124.8925,77.32,84,93,2.35,overcast clouds,0.0,0.0
576,Foumban,CM,5.7291,10.9001,69.64,56,100,3.83,overcast clouds,0.0,0.0
577,Oktyabrskiy,RU,54.4815,53.471,26.49,89,100,3.74,overcast clouds,0.0,0.0
578,Tibagi,BR,-24.5094,-50.4136,65.68,89,84,4.34,broken clouds,0.0,0.0
579,Yinchuan,CN,38.4681,106.2731,28.85,37,57,6.53,broken clouds,0.0,0.0
580,Olga,RU,43.7444,135.2892,33.33,94,45,6.62,scattered clouds,0.0,0.0
581,San Jose,US,37.3394,-121.895,69.85,62,40,9.22,haze,0.0,0.0
582,Glyadyanskoye,RU,54.9075,65.0883,20.75,97,100,3.44,overcast clouds,0.0,0.0
583,Salme,NP,28.0369,85.0942,48.49,43,0,6.6,clear sky,0.0,0.0
584,Manokwari,ID,-0.8667,134.0833,81.57,76,97,3.87,overcast clouds,0.0,0.0
585,Barcelona,ES,41.3888,2.159,48.25,59,0,3.0,clear sky,0.0,0.0
586,Thinadhoo,MV,0.5333,72.9333,81.55,78,100,17.43,overcast clouds,0.0,0.0
587,Bosaso,SO,11.2842,49.1816,73.94,71,7,3.0,clear sky,0.0,0.0
588,Whitecourt,CA,54.1502,-115.6855,4.24,51,20,3.44,few clouds,0.0,0.0
589,Lubumbashi,CD,-11.6609,27.4794,66.2,63,34,2.04,scattered clouds,0.0,0.0
590,Arlit,NE,18.7369,7.3853,68.43,17,3,6.08,clear sky,0.0,0.0
591,Nabire,ID,-3.3667,135.4833,81.43,73,91,4.21,overcast clouds,0.0,0.0
592,Namatanai,PG,-3.6667,152.4333,80.82,80,95,0.49,overcast clouds,0.0,0.0
593,Vestmanna,FO,62.1564,-7.1664,36.52,70,90,16.11,overcast clouds,0.0,0.0
594,Isla Vista,US,34.4133,-119.861,81.68,56,1,5.75,clear sky,0.0,0.0
595,Makarov,RU,48.6333,142.8,37.69,81,13,15.17,few clouds,0.0,0.0
596,Gat,IL,31.61,34.7642,61.39,55,26,9.33,scattered clouds,0.0,0.0
597,Kuminskiy,RU,58.6667,66.5667,5.27,93,51,2.59,broken clouds,0.0,0.0
598,Astana,KZ,51.1801,71.446,31.95,100,90,8.95,overcast clouds,0.0,0.0
599,Girua,BR,-28.0283,-54.3497,79.29,56,30,8.01,scattered clouds,0.0,0.0
600,The Valley,AI,18.217,-63.0578,81.1,67,49,21.45,scattered clouds,0.0,0.0
601,Warrnambool,AU,-38.3833,142.4833,70.81,54,98,8.86,overcast clouds,0.0,0.0
602,Lenguazaque,CO,5.3071,-73.7115,54.07,91,79,3.33,broken clouds,0.0,0.0
603,Andahuaylas,PE,-13.6556,-73.3872,56.77,82,99,6.08,overcast clouds,0.0,0.0
604,Charleston,US,32.7766,-79.9309,62.11,91,75,1.99,mist,0.0,0.0
605,Shaunavon,CA,49.6501,-108.4181,-0.62,91,98,16.04,overcast clouds,0.0,0.0
606,Marinette,US,45.1,-87.6307,32.45,100,90,19.57,snow,0.0,1.33
607,Padang,ID,-0.9492,100.3543,73.45,86,99,3.91,moderate rain,1.74,0.0
608,Abnub,EG,27.2696,31.1511,52.02,60,99,5.5,overcast clouds,0.0,0.0
609,Oudtshoorn,ZA,-33.5907,22.2014,64.71,80,78,3.53,light rain,0.5,0.0
610,Nenjiang,CN,49.1833,125.2167,7.61,92,5,4.9,clear sky,0.0,0.0
611,Tokur,RU,53.1333,132.9,3.6,97,100,3.38,light snow,0.0,0.12
612,Stokmarknes,NO,68.5646,14.9108,19.18,74,37,6.13,scattered clouds,0.0,0.0
613,Imeni Poliny Osipenko,RU,52.4201,136.4853,-4.04,100,98,1.92,overcast clouds,0.0,0.0
614,Abalak,RU,58.1286,68.5944,4.21,94,55,4.41,broken clouds,0.0,0.0
615,Mossendjo,CG,-2.9506,12.7261,70.03,97,100,2.24,overcast clouds,0.0,0.0
616,Linqiong,CN,30.4159,103.4609,51.62,68,93,3.56,overcast clouds,0.0,0.0
617,Rochegda,RU,62.8,43.25,4.03,99,77,3.06,broken clouds,0.0,0.0
618,Gadwal,IN,16.2333,77.8,71.62,69,7,5.41,clear sky,0.0,0.0
619,Manaure,CO,11.7751,-72.4445,86.11,66,52,19.73,broken clouds,0.0,0.0
620,Pak Phanang,TH,8.3511,100.202,75.07,70,65,9.37,broken clouds,0.0,0.0
621,Oxapampa,PE,-10.5775,-75.4017,61.61,93,100,0.74,overcast clouds,0.0,0.0
622,Lorengau,PG,-2.0226,147.2712,86.27,72,65,16.33,light rain,0.46,0.0
623,Otane,NZ,-39.8833,176.6333,70.02,75,94,1.97,overcast clouds,0.0,0.0
624,Muros,ES,42.7762,-9.0603,53.24,94,52,4.54,broken clouds,0.0,0.0
625,Vuktyl,RU,63.8567,57.3094,-13.61,94,5,0.98,clear sky,0.0,0.0
626,Uddevalla,SE,58.3478,11.9424,23.36,90,65,6.08,broken clouds,0.0,0.0
627,Atar,MR,20.5169,-13.0499,69.6,15,100,10.31,overcast clouds,0.0,0.0
628,College,US,64.8569,-147.8028,8.91,77,75,3.44,broken clouds,0.0,0.0
629,Gannan,CN,47.9147,123.5031,22.48,69,0,17.22,clear sky,0.0,0.0
630,Pangody,RU,65.85,74.4859,-26.79,99,31,8.5,scattered clouds,0.0,0.0
631,Odesskoye,RU,54.2111,72.9651,19.87,91,83,6.89,broken clouds,0.0,0.0
632,Korgen,NO,66.0771,13.8153,15.28,89,3,7.45,clear sky,0.0,0.0
633,Marystown,CA,47.1666,-55.1483,35.85,100,98,5.01,overcast clouds,0.0,0.0
634,Port Augusta,AU,-32.5,137.7667,77.7,59,93,4.81,overcast clouds,0.0,0.0
635,Usogorsk,RU,63.4106,48.6872,8.42,96,62,4.81,broken clouds,0.0,0.0
636,Gushikawa,JP,26.3544,127.8686,69.03,65,1,9.22,clear sky,0.0,0.0
637,Meridian,US,43.6121,-116.3915,47.82,43,1,3.0,clear sky,0.0,0.0
638,Karksi-Nuia,EE,58.1033,25.5628,4.87,94,96,6.33,overcast clouds,0.0,0.0
639,Upata,VE,8.0086,-62.3989,76.19,80,67,5.21,broken clouds,0.0,0.0
640,Villazon,BO,-22.0866,-65.5942,54.41,62,67,13.29,broken clouds,0.0,0.0
641,Xai-Xai,MZ,-25.0519,33.6442,79.86,58,74,8.9,broken clouds,0.0,0.0
642,Putina,PE,-15.4667,-69.4333,48.94,72,100,11.41,moderate rain,1.33,0.0
643,Kalianget,ID,-7.05,113.9333,79.05,83,100,3.98,heavy intensity rain,7.18,0.0
644,Lac Du Bonnet,CA,50.2536,-96.0612,15.24,88,100,13.11,overcast clouds,0.0,0.0
645,Olinda,BR,-8.0089,-34.8553,82.13,74,40,10.36,scattered clouds,0.0,0.0
646,Teknaf,BD,20.8624,92.3058,74.41,87,90,5.77,overcast clouds,0.0,0.0
647,Albuquerque,US,35.0845,-106.6511,64.35,22,20,3.44,few clouds,0.0,0.0
648,Lufilufi,WS,-13.8745,-171.5986,83.98,75,23,8.81,few clouds,0.0,0.0
649,Talara,PE,-4.5772,-81.2719,67.1,85,98,17.94,overcast clouds,0.0,0.0
650,Newport,GB,51.5877,-2.9984,41.83,86,59,4.38,broken clouds,0.0,0.0
651,Nyurba,RU,63.2842,118.3319,-29.87,95,36,5.41,scattered clouds,0.0,0.0
652,Linxia,CN,35.6003,103.2064,26.6,61,0,1.16,clear sky,0.0,0.0
653,Kolaras,IN,25.2333,77.6,64.47,47,75,3.65,broken clouds,0.0,0.0
654,Zheleznodorozhnyy,RU,55.7503,38.0042,28.62,97,97,2.84,overcast clouds,0.0,0.0
655,Krasnoselkup,RU,65.7,82.4667,-35.34,100,30,3.6,scattered clouds,0.0,0.0
656,Necochea,AR,-38.5473,-58.7368,63.03,75,0,9.17,clear sky,0.0,0.0
657,Port Moresby,PG,-9.4431,147.1797,81.82,78,75,11.5,broken clouds,0.0,0.0
658,Sharjah,AE,25.3573,55.4033,69.66,68,58,0.2,broken clouds,0.0,0.0
659,San Quintin,MX,30.4833,-115.95,64.04,73,0,14.76,clear sky,0.0,0.0
660,Camana,PE,-16.6228,-72.7111,68.76,81,99,4.85,overcast clouds,0.0,0.0
661,Bima,ID,-8.4667,118.7167,76.78,94,99,1.81,overcast clouds,0.0,0.0
662,Pisco,PE,-13.7,-76.2167,68.05,83,75,16.11,broken clouds,0.0,0.0
663,Dangriga,BZ,16.9692,-88.2321,82.36,78,6,7.63,clear sky,0.0,0.0
664,Matamoros,MX,25.5333,-103.25,80.71,19,75,4.61,broken clouds,0.0,0.0
